作業No	対話１のHazumi対話ID	対話２のHazumi対話ID	対話２start	対話２end
ID.00001	1911M5001_1	1911M5001_3	48	53
ID.00002	1911M5001_1	1911M5001_3	50	55
ID.00003	1911M5001_1	1911M5001_3	52	57
ID.00004	1911M5001_1	1911M5001_3	54	59
ID.00005	1911M5001_1	1911M5001_3	57	62
ID.00006	1911M5001_1	1911M5001_3	59	64
ID.00007	1911M5001_1	1911M5001_3	62	67
ID.00008	1911M5001_1	1911M5001_3	64	69
ID.00009	1911M5001_1	1911M5001_3	66	71
ID.00010	1911M5001_1	1911M5001_3	69	74
ID.00011	1911M5001_1	1911M5001_3	71	76
ID.00012	1911M5001_1	1911M5001_3	73	78
ID.00013	1911M5001_1	1911M5001_3	75	80
ID.00014	1911M5001_1	1911M5001_3	77	82
ID.00015	1911M5001_1	1911M5001_5	91	96
ID.00016	1911M5001_1	1911M5001_5	93	98
ID.00017	1911M5001_1	1911M5001_5	95	100
ID.00018	1911M5001_1	1911M5001_5	97	102
ID.00019	1911M5001_1	1911M5001_5	99	104
ID.00020	1911M5001_1	1911M5001_5	101	106
ID.00021	1911M5001_1	1911M5001_5	103	108
ID.00022	1911M5001_1	1911M5001_5	105	110
ID.00023	1911M5001_1	1911M5001_5	107	112
ID.00024	1911M5001_1	1911M5001_7	119	124
ID.00025	1911M5001_1	1911M5001_7	121	126
ID.00026	1911M5001_1	1911M5001_7	123	128
ID.00027	1911M5001_1	1911M5001_7	125	130
ID.00028	1911M5001_1	1911M5001_7	129	134
ID.00029	1911M5001_1	1911M5001_7	131	136
ID.00030	1911M5001_1	1911M5001_7	133	138
ID.00031	1911M5001_1	1911M5001_7	135	140
ID.00032	1911M5001_1	1911M5001_7	138	143
ID.00033	1911M5001_1	1911M5001_7	140	145
ID.00034	1911M5001_1	1911M5001_7	142	147
ID.00035	1911M5001_1	1911M5001_7	144	149
ID.00036	1911M5001_1	1911M5001_7	146	151
ID.00037	1911M5001_1	1911M5001_7	148	153
ID.00038	1911M5001_1	1911M5001_8	158	163
ID.00039	1911M5001_1	1911M5001_8	160	165
ID.00040	1911M5001_1	1911M5001_8	162	167
ID.00041	1911M5001_1	1911M5001_8	165	170
ID.00042	1911M5001_1	1911M5001_8	167	172
ID.00043	1911M5001_1	1911M5001_8	170	175
ID.00044	1911M5001_3	1911M5001_5	91	96
ID.00045	1911M5001_3	1911M5001_5	93	98
ID.00046	1911M5001_3	1911M5001_5	95	100
ID.00047	1911M5001_3	1911M5001_5	97	102
ID.00048	1911M5001_3	1911M5001_5	99	104
ID.00049	1911M5001_3	1911M5001_5	101	106
ID.00050	1911M5001_3	1911M5001_5	103	108
ID.00051	1911M5001_3	1911M5001_5	105	110
ID.00052	1911M5001_3	1911M5001_5	107	112
ID.00053	1911M5001_3	1911M5001_7	119	124
ID.00054	1911M5001_3	1911M5001_7	121	126
ID.00055	1911M5001_3	1911M5001_7	123	128
ID.00056	1911M5001_3	1911M5001_7	125	130
ID.00057	1911M5001_3	1911M5001_7	129	134
ID.00058	1911M5001_3	1911M5001_7	131	136
ID.00059	1911M5001_3	1911M5001_7	133	138
ID.00060	1911M5001_3	1911M5001_7	135	140
ID.00061	1911M5001_3	1911M5001_7	138	143
ID.00062	1911M5001_3	1911M5001_7	140	145
ID.00063	1911M5001_3	1911M5001_7	142	147
ID.00064	1911M5001_3	1911M5001_7	144	149
ID.00065	1911M5001_3	1911M5001_7	146	151
ID.00066	1911M5001_3	1911M5001_7	148	153
ID.00067	1911M5001_3	1911M5001_8	158	163
ID.00068	1911M5001_3	1911M5001_8	160	165
ID.00069	1911M5001_3	1911M5001_8	162	167
ID.00070	1911M5001_3	1911M5001_8	165	170
ID.00071	1911M5001_3	1911M5001_8	167	172
ID.00072	1911M5001_3	1911M5001_8	170	175
ID.00073	1911M5001_5	1911M5001_7	119	124
ID.00074	1911M5001_5	1911M5001_7	121	126
ID.00075	1911M5001_5	1911M5001_7	123	128
ID.00076	1911M5001_5	1911M5001_7	125	130
ID.00077	1911M5001_5	1911M5001_7	129	134
ID.00078	1911M5001_5	1911M5001_7	131	136
ID.00079	1911M5001_5	1911M5001_7	133	138
ID.00080	1911M5001_5	1911M5001_7	135	140
ID.00081	1911M5001_5	1911M5001_7	138	143
ID.00082	1911M5001_5	1911M5001_7	140	145
ID.00083	1911M5001_5	1911M5001_7	142	147
ID.00084	1911M5001_5	1911M5001_7	144	149
ID.00085	1911M5001_5	1911M5001_7	146	151
ID.00086	1911M5001_5	1911M5001_7	148	153
ID.00087	1911M5001_5	1911M5001_8	158	163
ID.00088	1911M5001_5	1911M5001_8	160	165
ID.00089	1911M5001_5	1911M5001_8	162	167
ID.00090	1911M5001_5	1911M5001_8	165	170
ID.00091	1911M5001_5	1911M5001_8	167	172
ID.00092	1911M5001_5	1911M5001_8	170	175
ID.00093	1911M5001_7	1911M5001_8	158	163
ID.00094	1911M5001_7	1911M5001_8	160	165
ID.00095	1911M5001_7	1911M5001_8	162	167
ID.00096	1911M5001_7	1911M5001_8	165	170
ID.00097	1911M5001_7	1911M5001_8	167	172
ID.00098	1911M5001_7	1911M5001_8	170	175
ID.00099	1911F3003_1	1911F3003_2	55	60
ID.00100	1911F3003_1	1911F3003_2	58	63
ID.00101	1911F3003_1	1911F3003_2	60	65
ID.00102	1911F3003_1	1911F3003_2	62	67
ID.00103	1911F3003_1	1911F3003_2	65	70
ID.00104	1911F3003_1	1911F3003_2	67	72
ID.00105	1911F3003_1	1911F3003_2	70	75
ID.00106	1911F3003_1	1911F3003_2	73	78
ID.00107	1911F3003_1	1911F3003_2	75	80
ID.00108	1911F3003_1	1911F3003_2	77	82
ID.00109	1911F3003_1	1911F3003_2	79	84
ID.00110	1911F3003_1	1911F3003_3	88	93
ID.00111	1911F3003_1	1911F3003_3	90	95
ID.00112	1911F3003_1	1911F3003_3	92	97
ID.00113	1911F3003_1	1911F3003_3	94	99
ID.00114	1911F3003_1	1911F3003_3	96	101
ID.00115	1911F3003_1	1911F3003_3	98	103
ID.00116	1911F3003_1	1911F3003_3	101	106
ID.00117	1911F3003_1	1911F3003_4	112	117
ID.00118	1911F3003_1	1911F3003_4	115	120
ID.00119	1911F3003_1	1911F3003_4	119	124
ID.00120	1911F3003_1	1911F3003_6	130	135
ID.00121	1911F3003_1	1911F3003_6	132	137
ID.00122	1911F3003_1	1911F3003_6	134	139
ID.00123	1911F3003_1	1911F3003_6	136	141
ID.00124	1911F3003_1	1911F3003_6	138	143
ID.00125	1911F3003_1	1911F3003_6	140	145
ID.00126	1911F3003_1	1911F3003_6	142	147
ID.00127	1911F3003_1	1911F3003_6	144	149
ID.00128	1911F3003_1	1911F3003_6	146	151
ID.00129	1911F3003_1	1911F3003_6	148	153
ID.00130	1911F3003_1	1911F3003_6	151	156
ID.00131	1911F3003_1	1911F3003_6	154	159
ID.00132	1911F3003_1	1911F3003_6	156	161
ID.00133	1911F3003_2	1911F3003_3	88	93
ID.00134	1911F3003_2	1911F3003_3	90	95
ID.00135	1911F3003_2	1911F3003_3	92	97
ID.00136	1911F3003_2	1911F3003_3	94	99
ID.00137	1911F3003_2	1911F3003_3	96	101
ID.00138	1911F3003_2	1911F3003_3	98	103
ID.00139	1911F3003_2	1911F3003_3	101	106
ID.00140	1911F3003_2	1911F3003_4	112	117
ID.00141	1911F3003_2	1911F3003_4	115	120
ID.00142	1911F3003_2	1911F3003_4	119	124
ID.00143	1911F3003_2	1911F3003_6	130	135
ID.00144	1911F3003_2	1911F3003_6	132	137
ID.00145	1911F3003_2	1911F3003_6	134	139
ID.00146	1911F3003_2	1911F3003_6	136	141
ID.00147	1911F3003_2	1911F3003_6	138	143
ID.00148	1911F3003_2	1911F3003_6	140	145
ID.00149	1911F3003_2	1911F3003_6	142	147
ID.00150	1911F3003_2	1911F3003_6	144	149
ID.00151	1911F3003_2	1911F3003_6	146	151
ID.00152	1911F3003_2	1911F3003_6	148	153
ID.00153	1911F3003_2	1911F3003_6	151	156
ID.00154	1911F3003_2	1911F3003_6	154	159
ID.00155	1911F3003_2	1911F3003_6	156	161
ID.00156	1911F3003_3	1911F3003_4	112	117
ID.00157	1911F3003_3	1911F3003_4	115	120
ID.00158	1911F3003_3	1911F3003_4	119	124
ID.00159	1911F3003_3	1911F3003_6	130	135
ID.00160	1911F3003_3	1911F3003_6	132	137
ID.00161	1911F3003_3	1911F3003_6	134	139
ID.00162	1911F3003_3	1911F3003_6	136	141
ID.00163	1911F3003_3	1911F3003_6	138	143
ID.00164	1911F3003_3	1911F3003_6	140	145
ID.00165	1911F3003_3	1911F3003_6	142	147
ID.00166	1911F3003_3	1911F3003_6	144	149
ID.00167	1911F3003_3	1911F3003_6	146	151
ID.00168	1911F3003_3	1911F3003_6	148	153
ID.00169	1911F3003_3	1911F3003_6	151	156
ID.00170	1911F3003_3	1911F3003_6	154	159
ID.00171	1911F3003_3	1911F3003_6	156	161
ID.00172	1911F3003_4	1911F3003_6	130	135
ID.00173	1911F3003_4	1911F3003_6	132	137
ID.00174	1911F3003_4	1911F3003_6	134	139
ID.00175	1911F3003_4	1911F3003_6	136	141
ID.00176	1911F3003_4	1911F3003_6	138	143
ID.00177	1911F3003_4	1911F3003_6	140	145
ID.00178	1911F3003_4	1911F3003_6	142	147
ID.00179	1911F3003_4	1911F3003_6	144	149
ID.00180	1911F3003_4	1911F3003_6	146	151
ID.00181	1911F3003_4	1911F3003_6	148	153
ID.00182	1911F3003_4	1911F3003_6	151	156
ID.00183	1911F3003_4	1911F3003_6	154	159
ID.00184	1911F3003_4	1911F3003_6	156	161
ID.00185	1911M5002_1	1911M5002_2	58	63
ID.00186	1911M5002_1	1911M5002_2	60	65
ID.00187	1911M5002_1	1911M5002_2	62	67
ID.00188	1911M5002_1	1911M5002_2	64	69
ID.00189	1911M5002_1	1911M5002_2	66	71
ID.00190	1911M5002_1	1911M5002_2	68	73
ID.00191	1911M5002_1	1911M5002_2	70	75
ID.00192	1911M5002_1	1911M5002_2	72	77
ID.00193	1911M5002_1	1911M5002_2	74	79
ID.00194	1911M5002_1	1911M5002_4	83	88
ID.00195	1911M5002_1	1911M5002_4	85	90
ID.00196	1911M5002_1	1911M5002_4	87	92
ID.00197	1911M5002_1	1911M5002_4	89	94
ID.00198	1911M5002_1	1911M5002_4	91	96
ID.00199	1911M5002_1	1911M5002_4	93	98
ID.00200	1911M5002_1	1911M5002_4	95	100
ID.00201	1911M5002_1	1911M5002_6	106	111
ID.00202	1911M5002_1	1911M5002_6	108	113
ID.00203	1911M5002_1	1911M5002_6	110	115
ID.00204	1911M5002_1	1911M5002_6	114	119
ID.00205	1911M5002_1	1911M5002_6	116	121
ID.00206	1911M5002_1	1911M5002_6	118	123
ID.00207	1911M5002_1	1911M5002_6	120	125
ID.00208	1911M5002_1	1911M5002_6	122	127
ID.00209	1911M5002_2	1911M5002_4	83	88
ID.00210	1911M5002_2	1911M5002_4	85	90
ID.00211	1911M5002_2	1911M5002_4	87	92
ID.00212	1911M5002_2	1911M5002_4	89	94
ID.00213	1911M5002_2	1911M5002_4	91	96
ID.00214	1911M5002_2	1911M5002_4	93	98
ID.00215	1911M5002_2	1911M5002_4	95	100
ID.00216	1911M5002_2	1911M5002_6	106	111
ID.00217	1911M5002_2	1911M5002_6	108	113
ID.00218	1911M5002_2	1911M5002_6	110	115
ID.00219	1911M5002_2	1911M5002_6	114	119
ID.00220	1911M5002_2	1911M5002_6	116	121
ID.00221	1911M5002_2	1911M5002_6	118	123
ID.00222	1911M5002_2	1911M5002_6	120	125
ID.00223	1911M5002_2	1911M5002_6	122	127
ID.00224	1911M5002_4	1911M5002_6	106	111
ID.00225	1911M5002_4	1911M5002_6	108	113
ID.00226	1911M5002_4	1911M5002_6	110	115
ID.00227	1911M5002_4	1911M5002_6	114	119
ID.00228	1911M5002_4	1911M5002_6	116	121
ID.00229	1911M5002_4	1911M5002_6	118	123
ID.00230	1911M5002_4	1911M5002_6	120	125
ID.00231	1911M5002_4	1911M5002_6	122	127
ID.00232	1911F2001_1	1911F2001_3	113	118
ID.00233	1911F2001_1	1911F2001_3	115	120
ID.00234	1911F2001_1	1911F2001_3	121	126
ID.00235	1911F2001_1	1911F2001_3	123	128
ID.00236	1911F6001_1	1911F6001_2	53	58
ID.00237	1911F6001_1	1911F6001_2	56	61
ID.00238	1911F6001_1	1911F6001_2	58	63
ID.00239	1911F6001_1	1911F6001_2	60	65
ID.00240	1911F6001_1	1911F6001_2	63	68
ID.00241	1911F6001_1	1911F6001_2	65	70
ID.00242	1911F6001_1	1911F6001_2	68	73
ID.00243	1911F6001_1	1911F6001_2	70	75
ID.00244	1911F6001_1	1911F6001_3	79	84
ID.00245	1911F6001_1	1911F6001_3	81	86
ID.00246	1911F6001_1	1911F6001_3	84	89
ID.00247	1911F6001_1	1911F6001_3	87	92
ID.00248	1911F6001_1	1911F6001_3	89	94
ID.00249	1911F6001_1	1911F6001_4	100	105
ID.00250	1911F6001_1	1911F6001_4	102	107
ID.00251	1911F6001_1	1911F6001_4	104	109
ID.00252	1911F6001_1	1911F6001_4	107	112
ID.00253	1911F6001_1	1911F6001_4	109	114
ID.00254	1911F6001_1	1911F6001_4	112	117
ID.00255	1911F6001_1	1911F6001_4	114	119
ID.00256	1911F6001_1	1911F6001_4	116	121
ID.00257	1911F6001_1	1911F6001_4	118	123
ID.00258	1911F6001_1	1911F6001_4	120	125
ID.00259	1911F6001_2	1911F6001_3	79	84
ID.00260	1911F6001_2	1911F6001_3	81	86
ID.00261	1911F6001_2	1911F6001_3	84	89
ID.00262	1911F6001_2	1911F6001_3	87	92
ID.00263	1911F6001_2	1911F6001_3	89	94
ID.00264	1911F6001_2	1911F6001_4	100	105
ID.00265	1911F6001_2	1911F6001_4	102	107
ID.00266	1911F6001_2	1911F6001_4	104	109
ID.00267	1911F6001_2	1911F6001_4	107	112
ID.00268	1911F6001_2	1911F6001_4	109	114
ID.00269	1911F6001_2	1911F6001_4	112	117
ID.00270	1911F6001_2	1911F6001_4	114	119
ID.00271	1911F6001_2	1911F6001_4	116	121
ID.00272	1911F6001_2	1911F6001_4	118	123
ID.00273	1911F6001_2	1911F6001_4	120	125
ID.00274	1911F6001_3	1911F6001_4	100	105
ID.00275	1911F6001_3	1911F6001_4	102	107
ID.00276	1911F6001_3	1911F6001_4	104	109
ID.00277	1911F6001_3	1911F6001_4	107	112
ID.00278	1911F6001_3	1911F6001_4	109	114
ID.00279	1911F6001_3	1911F6001_4	112	117
ID.00280	1911F6001_3	1911F6001_4	114	119
ID.00281	1911F6001_3	1911F6001_4	116	121
ID.00282	1911F6001_3	1911F6001_4	118	123
ID.00283	1911F6001_3	1911F6001_4	120	125
ID.00284	1911M6002_1	1911M6002_2	50	55
ID.00285	1911M6002_1	1911M6002_2	52	57
ID.00286	1911M6002_1	1911M6002_2	54	59
ID.00287	1911M6002_1	1911M6002_2	56	61
ID.00288	1911M6002_1	1911M6002_2	58	63
ID.00289	1911M6002_1	1911M6002_2	60	65
ID.00290	1911M6002_1	1911M6002_2	62	67
ID.00291	1911M6002_1	1911M6002_2	64	69
ID.00292	1911M6002_1	1911M6002_2	66	71
ID.00293	1911M6002_1	1911M6002_2	68	73
ID.00294	1911M6002_1	1911M6002_2	70	75
ID.00295	1911M6002_1	1911M6002_3	78	83
ID.00296	1911M6002_1	1911M6002_3	80	85
ID.00297	1911M6002_1	1911M6002_3	82	87
ID.00298	1911M6002_1	1911M6002_3	84	89
ID.00299	1911M6002_1	1911M6002_3	86	91
ID.00300	1911M6002_1	1911M6002_3	88	93
ID.00301	1911M6002_2	1911M6002_3	78	83
ID.00302	1911M6002_2	1911M6002_3	80	85
ID.00303	1911M6002_2	1911M6002_3	82	87
ID.00304	1911M6002_2	1911M6002_3	84	89
ID.00305	1911M6002_2	1911M6002_3	86	91
ID.00306	1911M6002_2	1911M6002_3	88	93
ID.00307	1911M7001_1	1911M7001_2	86	91
ID.00308	1911M7001_1	1911M7001_2	88	93
ID.00309	1911M7001_1	1911M7001_2	90	95
ID.00310	1911M7001_1	1911M7001_2	93	98
ID.00311	1911M7001_1	1911M7001_2	95	100
ID.00312	1911M7001_1	1911M7001_2	98	103
ID.00313	1911M7001_1	1911M7001_2	100	105
ID.00314	1911M7001_1	1911M7001_2	102	107
ID.00315	1911M7001_1	1911M7001_2	105	110
ID.00316	1911M7001_1	1911M7001_2	109	114
ID.00317	1911M7001_1	1911M7001_2	111	116
ID.00318	1911M7001_1	1911M7001_2	113	118
ID.00319	1911M7001_1	1911M7001_2	116	121
ID.00320	1911M7001_1	1911M7001_2	118	123
ID.00321	1911M7001_1	1911M7001_2	120	125
ID.00322	1911M7001_1	1911M7001_2	123	128
ID.00323	1911M7001_1	1911M7001_2	125	130
ID.00324	1911M7001_1	1911M7001_3	136	141
ID.00325	1911M7001_1	1911M7001_3	139	144
ID.00326	1911M7001_1	1911M7001_3	141	146
ID.00327	1911M7001_1	1911M7001_3	143	148
ID.00328	1911M7001_1	1911M7001_3	146	151
ID.00329	1911M7001_1	1911M7001_3	148	153
ID.00330	1911M7001_1	1911M7001_3	151	156
ID.00331	1911M7001_2	1911M7001_3	136	141
ID.00332	1911M7001_2	1911M7001_3	139	144
ID.00333	1911M7001_2	1911M7001_3	141	146
ID.00334	1911M7001_2	1911M7001_3	143	148
ID.00335	1911M7001_2	1911M7001_3	146	151
ID.00336	1911M7001_2	1911M7001_3	148	153
ID.00337	1911M7001_2	1911M7001_3	151	156
ID.00338	1911F5001_1	1911F5001_2	79	84
ID.00339	1911F5001_1	1911F5001_2	81	86
ID.00340	1911F5001_1	1911F5001_2	83	88
ID.00341	1911F5001_1	1911F5001_2	85	90
ID.00342	1911F5001_1	1911F5001_2	87	92
ID.00343	1911F5001_1	1911F5001_2	90	95
ID.00344	1911F5001_1	1911F5001_2	93	98
ID.00345	1911F5001_1	1911F5001_2	96	101
ID.00346	1911F5001_1	1911F5001_2	98	103
ID.00347	1911F5001_1	1911F5001_2	100	105
ID.00348	1911F5001_1	1911F5001_3	109	114
ID.00349	1911F5001_1	1911F5001_3	112	117
ID.00350	1911F5001_1	1911F5001_3	115	120
ID.00351	1911F5001_1	1911F5001_4	125	130
ID.00352	1911F5001_1	1911F5001_4	127	132
ID.00353	1911F5001_1	1911F5001_4	130	135
ID.00354	1911F5001_1	1911F5001_4	132	137
ID.00355	1911F5001_1	1911F5001_4	134	139
ID.00356	1911F5001_1	1911F5001_4	136	141
ID.00357	1911F5001_1	1911F5001_5	145	150
ID.00358	1911F5001_1	1911F5001_5	147	152
ID.00359	1911F5001_1	1911F5001_5	149	154
ID.00360	1911F5001_1	1911F5001_5	151	156
ID.00361	1911F5001_1	1911F5001_5	153	158
ID.00362	1911F5001_1	1911F5001_5	155	160
ID.00363	1911F5001_1	1911F5001_5	157	162
ID.00364	1911F5001_1	1911F5001_5	159	164
ID.00365	1911F5001_1	1911F5001_5	161	166
ID.00366	1911F5001_1	1911F5001_5	164	169
ID.00367	1911F5001_1	1911F5001_5	166	171
ID.00368	1911F5001_1	1911F5001_5	168	173
ID.00369	1911F5001_1	1911F5001_5	170	175
ID.00370	1911F5001_1	1911F5001_5	172	177
ID.00371	1911F5001_1	1911F5001_5	175	180
ID.00372	1911F5001_1	1911F5001_5	177	182
ID.00373	1911F5001_1	1911F5001_5	179	184
ID.00374	1911F5001_2	1911F5001_3	109	114
ID.00375	1911F5001_2	1911F5001_3	112	117
ID.00376	1911F5001_2	1911F5001_3	115	120
ID.00377	1911F5001_2	1911F5001_4	125	130
ID.00378	1911F5001_2	1911F5001_4	127	132
ID.00379	1911F5001_2	1911F5001_4	130	135
ID.00380	1911F5001_2	1911F5001_4	132	137
ID.00381	1911F5001_2	1911F5001_4	134	139
ID.00382	1911F5001_2	1911F5001_4	136	141
ID.00383	1911F5001_2	1911F5001_5	145	150
ID.00384	1911F5001_2	1911F5001_5	147	152
ID.00385	1911F5001_2	1911F5001_5	149	154
ID.00386	1911F5001_2	1911F5001_5	151	156
ID.00387	1911F5001_2	1911F5001_5	153	158
ID.00388	1911F5001_2	1911F5001_5	155	160
ID.00389	1911F5001_2	1911F5001_5	157	162
ID.00390	1911F5001_2	1911F5001_5	159	164
ID.00391	1911F5001_2	1911F5001_5	161	166
ID.00392	1911F5001_2	1911F5001_5	164	169
ID.00393	1911F5001_2	1911F5001_5	166	171
ID.00394	1911F5001_2	1911F5001_5	168	173
ID.00395	1911F5001_2	1911F5001_5	170	175
ID.00396	1911F5001_2	1911F5001_5	172	177
ID.00397	1911F5001_2	1911F5001_5	175	180
ID.00398	1911F5001_2	1911F5001_5	177	182
ID.00399	1911F5001_2	1911F5001_5	179	184
ID.00400	1911F5001_3	1911F5001_4	125	130
ID.00401	1911F5001_3	1911F5001_4	127	132
ID.00402	1911F5001_3	1911F5001_4	130	135
ID.00403	1911F5001_3	1911F5001_4	132	137
ID.00404	1911F5001_3	1911F5001_4	134	139
ID.00405	1911F5001_3	1911F5001_4	136	141
ID.00406	1911F5001_3	1911F5001_5	145	150
ID.00407	1911F5001_3	1911F5001_5	147	152
ID.00408	1911F5001_3	1911F5001_5	149	154
ID.00409	1911F5001_3	1911F5001_5	151	156
ID.00410	1911F5001_3	1911F5001_5	153	158
ID.00411	1911F5001_3	1911F5001_5	155	160
ID.00412	1911F5001_3	1911F5001_5	157	162
ID.00413	1911F5001_3	1911F5001_5	159	164
ID.00414	1911F5001_3	1911F5001_5	161	166
ID.00415	1911F5001_3	1911F5001_5	164	169
ID.00416	1911F5001_3	1911F5001_5	166	171
ID.00417	1911F5001_3	1911F5001_5	168	173
ID.00418	1911F5001_3	1911F5001_5	170	175
ID.00419	1911F5001_3	1911F5001_5	172	177
ID.00420	1911F5001_3	1911F5001_5	175	180
ID.00421	1911F5001_3	1911F5001_5	177	182
ID.00422	1911F5001_3	1911F5001_5	179	184
ID.00423	1911F5001_4	1911F5001_5	145	150
ID.00424	1911F5001_4	1911F5001_5	147	152
ID.00425	1911F5001_4	1911F5001_5	149	154
ID.00426	1911F5001_4	1911F5001_5	151	156
ID.00427	1911F5001_4	1911F5001_5	153	158
ID.00428	1911F5001_4	1911F5001_5	155	160
ID.00429	1911F5001_4	1911F5001_5	157	162
ID.00430	1911F5001_4	1911F5001_5	159	164
ID.00431	1911F5001_4	1911F5001_5	161	166
ID.00432	1911F5001_4	1911F5001_5	164	169
ID.00433	1911F5001_4	1911F5001_5	166	171
ID.00434	1911F5001_4	1911F5001_5	168	173
ID.00435	1911F5001_4	1911F5001_5	170	175
ID.00436	1911F5001_4	1911F5001_5	172	177
ID.00437	1911F5001_4	1911F5001_5	175	180
ID.00438	1911F5001_4	1911F5001_5	177	182
ID.00439	1911F5001_4	1911F5001_5	179	184
ID.00440	1911F4002_1	1911F4002_2	112	117
ID.00441	1911F4002_1	1911F4002_2	114	119
ID.00442	1911F4002_1	1911F4002_2	116	121
ID.00443	1911F4002_1	1911F4002_2	118	123
ID.00444	1911F4002_1	1911F4002_2	121	126
ID.00445	1911F4002_1	1911F4002_2	123	128
ID.00446	1911F4002_1	1911F4002_2	125	130
ID.00447	1911F4002_1	1911F4002_2	127	132
ID.00448	1911F4002_1	1911F4002_2	130	135
ID.00449	1911F4002_1	1911F4002_2	133	138
ID.00450	1911F4002_1	1911F4002_2	135	140
ID.00451	1911F4002_1	1911F4002_2	137	142
ID.00452	1911F4002_1	1911F4002_2	139	144
ID.00453	1911F4002_1	1911F4002_2	141	146
ID.00454	1911F4002_1	1911F4002_2	143	148
ID.00455	1911F4002_1	1911F4002_2	145	150
ID.00456	1911F4002_1	1911F4002_2	148	153
ID.00457	1911F4002_1	1911F4002_2	150	155
ID.00458	1911F4002_1	1911F4002_2	152	157
ID.00459	1911F4002_1	1911F4002_2	154	159
ID.00460	1911F4002_1	1911F4002_3	165	170
ID.00461	1911F4002_1	1911F4002_3	167	172
ID.00462	1911F4002_1	1911F4002_3	169	174
ID.00463	1911F4002_1	1911F4002_3	171	176
ID.00464	1911F4002_1	1911F4002_3	174	179
ID.00465	1911F4002_1	1911F4002_3	176	181
ID.00466	1911F4002_1	1911F4002_3	178	183
ID.00467	1911F4002_1	1911F4002_3	180	185
ID.00468	1911F4002_1	1911F4002_3	182	187
ID.00469	1911F4002_1	1911F4002_3	184	189
ID.00470	1911F4002_1	1911F4002_3	187	192
ID.00471	1911F4002_2	1911F4002_3	165	170
ID.00472	1911F4002_2	1911F4002_3	167	172
ID.00473	1911F4002_2	1911F4002_3	169	174
ID.00474	1911F4002_2	1911F4002_3	171	176
ID.00475	1911F4002_2	1911F4002_3	174	179
ID.00476	1911F4002_2	1911F4002_3	176	181
ID.00477	1911F4002_2	1911F4002_3	178	183
ID.00478	1911F4002_2	1911F4002_3	180	185
ID.00479	1911F4002_2	1911F4002_3	182	187
ID.00480	1911F4002_2	1911F4002_3	184	189
ID.00481	1911F4002_2	1911F4002_3	187	192
ID.00482	1911M5003_1	1911M5003_3	121	126
ID.00483	1911M5003_1	1911M5003_3	123	128
ID.00484	1911M5003_1	1911M5003_3	126	131
ID.00485	1911M5003_1	1911M5003_3	129	134
ID.00486	1911M5003_1	1911M5003_3	131	136
ID.00487	1911M5003_1	1911M5003_3	134	139
ID.00488	1911M5003_1	1911M5003_3	136	141
ID.00489	1911M5003_1	1911M5003_3	138	143
ID.00490	1911M5003_1	1911M5003_3	140	145
ID.00491	1911M5003_1	1911M5003_3	142	147
ID.00492	1911M5003_1	1911M5003_3	144	149
ID.00493	1911M5003_1	1911M5003_3	146	151
ID.00494	1911M3002_1	1911M3002_3	50	55
ID.00495	1911M3002_1	1911M3002_3	53	58
ID.00496	1911M3002_1	1911M3002_3	55	60
ID.00497	1911M3002_1	1911M3002_3	57	62
ID.00498	1911M3002_1	1911M3002_3	59	64
ID.00499	1911M3002_1	1911M3002_3	62	67
ID.00500	1911M3002_1	1911M3002_3	64	69
ID.00501	1911M3002_1	1911M3002_3	66	71
ID.00502	1911M3002_1	1911M3002_3	68	73
ID.00503	1911M3002_1	1911M3002_3	70	75
ID.00504	1911M3002_1	1911M3002_3	72	77
ID.00505	1911M3002_1	1911M3002_3	74	79
ID.00506	1911M3002_1	1911M3002_3	76	81
ID.00507	1911M3002_1	1911M3002_3	80	85
ID.00508	1911M3002_1	1911M3002_5	95	100
ID.00509	1911M3002_1	1911M3002_5	97	102
ID.00510	1911M3002_1	1911M3002_5	100	105
ID.00511	1911M3002_1	1911M3002_5	102	107
ID.00512	1911M3002_1	1911M3002_5	104	109
ID.00513	1911M3002_1	1911M3002_5	106	111
ID.00514	1911M3002_1	1911M3002_5	108	113
ID.00515	1911M3002_1	1911M3002_5	110	115
ID.00516	1911M3002_1	1911M3002_5	113	118
ID.00517	1911M3002_1	1911M3002_5	116	121
ID.00518	1911M3002_1	1911M3002_7	128	133
ID.00519	1911M3002_1	1911M3002_7	130	135
ID.00520	1911M3002_1	1911M3002_7	132	137
ID.00521	1911M3002_1	1911M3002_7	135	140
ID.00522	1911M3002_1	1911M3002_7	138	143
ID.00523	1911M3002_1	1911M3002_7	140	145
ID.00524	1911M3002_1	1911M3002_7	145	150
ID.00525	1911M3002_1	1911M3002_7	147	152
ID.00526	1911M3002_1	1911M3002_7	149	154
ID.00527	1911M3002_3	1911M3002_5	95	100
ID.00528	1911M3002_3	1911M3002_5	97	102
ID.00529	1911M3002_3	1911M3002_5	100	105
ID.00530	1911M3002_3	1911M3002_5	102	107
ID.00531	1911M3002_3	1911M3002_5	104	109
ID.00532	1911M3002_3	1911M3002_5	106	111
ID.00533	1911M3002_3	1911M3002_5	108	113
ID.00534	1911M3002_3	1911M3002_5	110	115
ID.00535	1911M3002_3	1911M3002_5	113	118
ID.00536	1911M3002_3	1911M3002_5	116	121
ID.00537	1911M3002_3	1911M3002_7	128	133
ID.00538	1911M3002_3	1911M3002_7	130	135
ID.00539	1911M3002_3	1911M3002_7	132	137
ID.00540	1911M3002_3	1911M3002_7	135	140
ID.00541	1911M3002_3	1911M3002_7	138	143
ID.00542	1911M3002_3	1911M3002_7	140	145
ID.00543	1911M3002_3	1911M3002_7	145	150
ID.00544	1911M3002_3	1911M3002_7	147	152
ID.00545	1911M3002_3	1911M3002_7	149	154
ID.00546	1911M3002_5	1911M3002_7	128	133
ID.00547	1911M3002_5	1911M3002_7	130	135
ID.00548	1911M3002_5	1911M3002_7	132	137
ID.00549	1911M3002_5	1911M3002_7	135	140
ID.00550	1911M3002_5	1911M3002_7	138	143
ID.00551	1911M3002_5	1911M3002_7	140	145
ID.00552	1911M3002_5	1911M3002_7	145	150
ID.00553	1911M3002_5	1911M3002_7	147	152
ID.00554	1911M3002_5	1911M3002_7	149	154
ID.00555	1911F5002_1	1911F5002_3	87	92
ID.00556	1911F5002_1	1911F5002_3	89	94
ID.00557	1911F5002_1	1911F5002_3	91	96
ID.00558	1911F5002_1	1911F5002_3	93	98
ID.00559	1911F5002_1	1911F5002_3	95	100
ID.00560	1911F5002_1	1911F5002_3	97	102
ID.00561	1911F5002_1	1911F5002_3	99	104
ID.00562	1911F5002_1	1911F5002_3	101	106
ID.00563	1911F5002_1	1911F5002_3	103	108
ID.00564	1911F5002_1	1911F5002_3	105	110
ID.00565	1911F5002_1	1911F5002_3	107	112
ID.00566	1911F5002_1	1911F5002_3	109	114
ID.00567	1911F5002_1	1911F5002_3	111	116
ID.00568	1911F5002_1	1911F5002_3	114	119
ID.00569	1911F5002_1	1911F5002_3	116	121
ID.00570	1911F5002_1	1911F5002_3	118	123
ID.00571	1911F5002_1	1911F5002_3	121	126
ID.00572	1911F5002_1	1911F5002_3	123	128
ID.00573	1911F5002_1	1911F5002_3	125	130
ID.00574	1911F5002_1	1911F5002_3	127	132
ID.00575	1911F5002_1	1911F5002_3	129	134
ID.00576	1911F5002_1	1911F5002_3	131	136
ID.00577	1911F5002_1	1911F5002_3	133	138
ID.00578	1911F5002_1	1911F5002_3	135	140
ID.00579	1911F5002_1	1911F5002_3	139	144
ID.00580	1911F5002_1	1911F5002_3	141	146
ID.00581	1911F5002_1	1911F5002_3	143	148
ID.00582	1911F5002_1	1911F5002_3	145	150
ID.00583	1911F5002_1	1911F5002_3	147	152
ID.00584	1911F5002_1	1911F5002_4	158	163
ID.00585	1911F5002_1	1911F5002_4	160	165
ID.00586	1911F5002_1	1911F5002_4	162	167
ID.00587	1911F5002_1	1911F5002_4	165	170
ID.00588	1911F5002_1	1911F5002_4	168	173
ID.00589	1911F5002_1	1911F5002_4	170	175
ID.00590	1911F5002_1	1911F5002_4	172	177
ID.00591	1911F5002_1	1911F5002_4	175	180
ID.00592	1911F5002_1	1911F5002_4	177	182
ID.00593	1911F5002_1	1911F5002_4	180	185
ID.00594	1911F5002_1	1911F5002_4	182	187
ID.00595	1911F5002_1	1911F5002_4	184	189
ID.00596	1911F5002_1	1911F5002_4	186	191
ID.00597	1911F5002_1	1911F5002_4	188	193
ID.00598	1911F5002_1	1911F5002_4	190	195
ID.00599	1911F5002_1	1911F5002_4	192	197
ID.00600	1911F5002_3	1911F5002_4	158	163
ID.00601	1911F5002_3	1911F5002_4	160	165
ID.00602	1911F5002_3	1911F5002_4	162	167
ID.00603	1911F5002_3	1911F5002_4	165	170
ID.00604	1911F5002_3	1911F5002_4	168	173
ID.00605	1911F5002_3	1911F5002_4	170	175
ID.00606	1911F5002_3	1911F5002_4	172	177
ID.00607	1911F5002_3	1911F5002_4	175	180
ID.00608	1911F5002_3	1911F5002_4	177	182
ID.00609	1911F5002_3	1911F5002_4	180	185
ID.00610	1911F5002_3	1911F5002_4	182	187
ID.00611	1911F5002_3	1911F5002_4	184	189
ID.00612	1911F5002_3	1911F5002_4	186	191
ID.00613	1911F5002_3	1911F5002_4	188	193
ID.00614	1911F5002_3	1911F5002_4	190	195
ID.00615	1911F5002_3	1911F5002_4	192	197
ID.00616	1911F2002_1	1911F2002_4	84	89
ID.00617	1911F2002_1	1911F2002_4	87	92
ID.00618	1911F2002_1	1911F2002_4	91	96
ID.00619	1911F2002_1	1911F2002_4	93	98
ID.00620	1911F2002_1	1911F2002_4	96	101
ID.00621	1911F2002_1	1911F2002_4	99	104
ID.00622	1911F2002_1	1911F2002_4	102	107
ID.00623	1911F2002_1	1911F2002_5	113	118
ID.00624	1911F2002_1	1911F2002_5	116	121
ID.00625	1911F2002_1	1911F2002_5	118	123
ID.00626	1911F2002_1	1911F2002_5	120	125
ID.00627	1911F2002_1	1911F2002_5	122	127
ID.00628	1911F2002_1	1911F2002_5	125	130
ID.00629	1911F2002_1	1911F2002_5	127	132
ID.00630	1911F2002_1	1911F2002_7	137	142
ID.00631	1911F2002_1	1911F2002_7	139	144
ID.00632	1911F2002_1	1911F2002_7	141	146
ID.00633	1911F2002_1	1911F2002_7	143	148
ID.00634	1911F2002_1	1911F2002_7	145	150
ID.00635	1911F2002_1	1911F2002_7	147	152
ID.00636	1911F2002_1	1911F2002_7	149	154
ID.00637	1911F2002_1	1911F2002_7	151	156
ID.00638	1911F2002_1	1911F2002_7	153	158
ID.00639	1911F2002_1	1911F2002_7	155	160
ID.00640	1911F2002_1	1911F2002_7	157	162
ID.00641	1911F2002_1	1911F2002_7	159	164
ID.00642	1911F2002_1	1911F2002_7	161	166
ID.00643	1911F2002_1	1911F2002_7	164	169
ID.00644	1911F2002_1	1911F2002_7	166	171
ID.00645	1911F2002_1	1911F2002_7	168	173
ID.00646	1911F2002_1	1911F2002_7	170	175
ID.00647	1911F2002_1	1911F2002_7	172	177
ID.00648	1911F2002_1	1911F2002_7	175	180
ID.00649	1911F2002_4	1911F2002_5	113	118
ID.00650	1911F2002_4	1911F2002_5	116	121
ID.00651	1911F2002_4	1911F2002_5	118	123
ID.00652	1911F2002_4	1911F2002_5	120	125
ID.00653	1911F2002_4	1911F2002_5	122	127
ID.00654	1911F2002_4	1911F2002_5	125	130
ID.00655	1911F2002_4	1911F2002_5	127	132
ID.00656	1911F2002_4	1911F2002_7	137	142
ID.00657	1911F2002_4	1911F2002_7	139	144
ID.00658	1911F2002_4	1911F2002_7	141	146
ID.00659	1911F2002_4	1911F2002_7	143	148
ID.00660	1911F2002_4	1911F2002_7	145	150
ID.00661	1911F2002_4	1911F2002_7	147	152
ID.00662	1911F2002_4	1911F2002_7	149	154
ID.00663	1911F2002_4	1911F2002_7	151	156
ID.00664	1911F2002_4	1911F2002_7	153	158
ID.00665	1911F2002_4	1911F2002_7	155	160
ID.00666	1911F2002_4	1911F2002_7	157	162
ID.00667	1911F2002_4	1911F2002_7	159	164
ID.00668	1911F2002_4	1911F2002_7	161	166
ID.00669	1911F2002_4	1911F2002_7	164	169
ID.00670	1911F2002_4	1911F2002_7	166	171
ID.00671	1911F2002_4	1911F2002_7	168	173
ID.00672	1911F2002_4	1911F2002_7	170	175
ID.00673	1911F2002_4	1911F2002_7	172	177
ID.00674	1911F2002_4	1911F2002_7	175	180
ID.00675	1911F2002_5	1911F2002_7	137	142
ID.00676	1911F2002_5	1911F2002_7	139	144
ID.00677	1911F2002_5	1911F2002_7	141	146
ID.00678	1911F2002_5	1911F2002_7	143	148
ID.00679	1911F2002_5	1911F2002_7	145	150
ID.00680	1911F2002_5	1911F2002_7	147	152
ID.00681	1911F2002_5	1911F2002_7	149	154
ID.00682	1911F2002_5	1911F2002_7	151	156
ID.00683	1911F2002_5	1911F2002_7	153	158
ID.00684	1911F2002_5	1911F2002_7	155	160
ID.00685	1911F2002_5	1911F2002_7	157	162
ID.00686	1911F2002_5	1911F2002_7	159	164
ID.00687	1911F2002_5	1911F2002_7	161	166
ID.00688	1911F2002_5	1911F2002_7	164	169
ID.00689	1911F2002_5	1911F2002_7	166	171
ID.00690	1911F2002_5	1911F2002_7	168	173
ID.00691	1911F2002_5	1911F2002_7	170	175
ID.00692	1911F2002_5	1911F2002_7	172	177
ID.00693	1911F2002_5	1911F2002_7	175	180
ID.00694	1911M4002_1	1911M4002_2	43	48
ID.00695	1911M4002_1	1911M4002_2	45	50
ID.00696	1911M4002_1	1911M4002_2	47	52
ID.00697	1911M4002_1	1911M4002_2	50	55
ID.00698	1911M4002_1	1911M4002_2	52	57
ID.00699	1911M4002_1	1911M4002_2	54	59
ID.00700	1911M4002_1	1911M4002_4	64	69
ID.00701	1911M4002_1	1911M4002_4	67	72
ID.00702	1911M4002_1	1911M4002_4	69	74
ID.00703	1911M4002_1	1911M4002_4	71	76
ID.00704	1911M4002_1	1911M4002_4	75	80
ID.00705	1911M4002_1	1911M4002_4	77	82
ID.00706	1911M4002_1	1911M4002_4	79	84
ID.00707	1911M4002_1	1911M4002_4	81	86
ID.00708	1911M4002_1	1911M4002_4	84	89
ID.00709	1911M4002_1	1911M4002_5	95	100
ID.00710	1911M4002_1	1911M4002_5	97	102
ID.00711	1911M4002_1	1911M4002_5	99	104
ID.00712	1911M4002_1	1911M4002_5	101	106
ID.00713	1911M4002_1	1911M4002_5	106	111
ID.00714	1911M4002_1	1911M4002_5	108	113
ID.00715	1911M4002_1	1911M4002_5	110	115
ID.00716	1911M4002_1	1911M4002_5	113	118
ID.00717	1911M4002_1	1911M4002_5	115	120
ID.00718	1911M4002_1	1911M4002_5	118	123
ID.00719	1911M4002_1	1911M4002_5	120	125
ID.00720	1911M4002_1	1911M4002_5	122	127
ID.00721	1911M4002_1	1911M4002_5	124	129
ID.00722	1911M4002_1	1911M4002_5	126	131
ID.00723	1911M4002_1	1911M4002_5	128	133
ID.00724	1911M4002_1	1911M4002_5	130	135
ID.00725	1911M4002_1	1911M4002_5	132	137
ID.00726	1911M4002_1	1911M4002_5	134	139
ID.00727	1911M4002_1	1911M4002_5	136	141
ID.00728	1911M4002_1	1911M4002_5	138	143
ID.00729	1911M4002_1	1911M4002_6	148	153
ID.00730	1911M4002_1	1911M4002_6	150	155
ID.00731	1911M4002_1	1911M4002_6	152	157
ID.00732	1911M4002_1	1911M4002_6	154	159
ID.00733	1911M4002_1	1911M4002_6	157	162
ID.00734	1911M4002_1	1911M4002_6	159	164
ID.00735	1911M4002_1	1911M4002_6	162	167
ID.00736	1911M4002_1	1911M4002_6	165	170
ID.00737	1911M4002_1	1911M4002_6	167	172
ID.00738	1911M4002_1	1911M4002_6	169	174
ID.00739	1911M4002_1	1911M4002_6	172	177
ID.00740	1911M4002_2	1911M4002_4	64	69
ID.00741	1911M4002_2	1911M4002_4	67	72
ID.00742	1911M4002_2	1911M4002_4	69	74
ID.00743	1911M4002_2	1911M4002_4	71	76
ID.00744	1911M4002_2	1911M4002_4	75	80
ID.00745	1911M4002_2	1911M4002_4	77	82
ID.00746	1911M4002_2	1911M4002_4	79	84
ID.00747	1911M4002_2	1911M4002_4	81	86
ID.00748	1911M4002_2	1911M4002_4	84	89
ID.00749	1911M4002_2	1911M4002_5	95	100
ID.00750	1911M4002_2	1911M4002_5	97	102
ID.00751	1911M4002_2	1911M4002_5	99	104
ID.00752	1911M4002_2	1911M4002_5	101	106
ID.00753	1911M4002_2	1911M4002_5	106	111
ID.00754	1911M4002_2	1911M4002_5	108	113
ID.00755	1911M4002_2	1911M4002_5	110	115
ID.00756	1911M4002_2	1911M4002_5	113	118
ID.00757	1911M4002_2	1911M4002_5	115	120
ID.00758	1911M4002_2	1911M4002_5	118	123
ID.00759	1911M4002_2	1911M4002_5	120	125
ID.00760	1911M4002_2	1911M4002_5	122	127
ID.00761	1911M4002_2	1911M4002_5	124	129
ID.00762	1911M4002_2	1911M4002_5	126	131
ID.00763	1911M4002_2	1911M4002_5	128	133
ID.00764	1911M4002_2	1911M4002_5	130	135
ID.00765	1911M4002_2	1911M4002_5	132	137
ID.00766	1911M4002_2	1911M4002_5	134	139
ID.00767	1911M4002_2	1911M4002_5	136	141
ID.00768	1911M4002_2	1911M4002_5	138	143
ID.00769	1911M4002_2	1911M4002_6	148	153
ID.00770	1911M4002_2	1911M4002_6	150	155
ID.00771	1911M4002_2	1911M4002_6	152	157
ID.00772	1911M4002_2	1911M4002_6	154	159
ID.00773	1911M4002_2	1911M4002_6	157	162
ID.00774	1911M4002_2	1911M4002_6	159	164
ID.00775	1911M4002_2	1911M4002_6	162	167
ID.00776	1911M4002_2	1911M4002_6	165	170
ID.00777	1911M4002_2	1911M4002_6	167	172
ID.00778	1911M4002_2	1911M4002_6	169	174
ID.00779	1911M4002_2	1911M4002_6	172	177
ID.00780	1911M4002_4	1911M4002_5	95	100
ID.00781	1911M4002_4	1911M4002_5	97	102
ID.00782	1911M4002_4	1911M4002_5	99	104
ID.00783	1911M4002_4	1911M4002_5	101	106
ID.00784	1911M4002_4	1911M4002_5	106	111
ID.00785	1911M4002_4	1911M4002_5	108	113
ID.00786	1911M4002_4	1911M4002_5	110	115
ID.00787	1911M4002_4	1911M4002_5	113	118
ID.00788	1911M4002_4	1911M4002_5	115	120
ID.00789	1911M4002_4	1911M4002_5	118	123
ID.00790	1911M4002_4	1911M4002_5	120	125
ID.00791	1911M4002_4	1911M4002_5	122	127
ID.00792	1911M4002_4	1911M4002_5	124	129
ID.00793	1911M4002_4	1911M4002_5	126	131
ID.00794	1911M4002_4	1911M4002_5	128	133
ID.00795	1911M4002_4	1911M4002_5	130	135
ID.00796	1911M4002_4	1911M4002_5	132	137
ID.00797	1911M4002_4	1911M4002_5	134	139
ID.00798	1911M4002_4	1911M4002_5	136	141
ID.00799	1911M4002_4	1911M4002_5	138	143
ID.00800	1911M4002_4	1911M4002_6	148	153
ID.00801	1911M4002_4	1911M4002_6	150	155
ID.00802	1911M4002_4	1911M4002_6	152	157
ID.00803	1911M4002_4	1911M4002_6	154	159
ID.00804	1911M4002_4	1911M4002_6	157	162
ID.00805	1911M4002_4	1911M4002_6	159	164
ID.00806	1911M4002_4	1911M4002_6	162	167
ID.00807	1911M4002_4	1911M4002_6	165	170
ID.00808	1911M4002_4	1911M4002_6	167	172
ID.00809	1911M4002_4	1911M4002_6	169	174
ID.00810	1911M4002_4	1911M4002_6	172	177
ID.00811	1911M4002_5	1911M4002_6	148	153
ID.00812	1911M4002_5	1911M4002_6	150	155
ID.00813	1911M4002_5	1911M4002_6	152	157
ID.00814	1911M4002_5	1911M4002_6	154	159
ID.00815	1911M4002_5	1911M4002_6	157	162
ID.00816	1911M4002_5	1911M4002_6	159	164
ID.00817	1911M4002_5	1911M4002_6	162	167
ID.00818	1911M4002_5	1911M4002_6	165	170
ID.00819	1911M4002_5	1911M4002_6	167	172
ID.00820	1911M4002_5	1911M4002_6	169	174
ID.00821	1911M4002_5	1911M4002_6	172	177
ID.00822	1911F7001_1	1911F7001_2	37	42
ID.00823	1911F7001_1	1911F7001_2	39	44
ID.00824	1911F7001_1	1911F7001_2	41	46
ID.00825	1911F7001_1	1911F7001_2	43	48
ID.00826	1911F7001_1	1911F7001_2	46	51
ID.00827	1911F7001_1	1911F7001_2	48	53
ID.00828	1911F7001_1	1911F7001_2	50	55
ID.00829	1911F7001_1	1911F7001_2	52	57
ID.00830	1911F7001_1	1911F7001_3	60	65
ID.00831	1911F7001_1	1911F7001_3	62	67
ID.00832	1911F7001_1	1911F7001_3	64	69
ID.00833	1911F7001_1	1911F7001_3	66	71
ID.00834	1911F7001_1	1911F7001_3	69	74
ID.00835	1911F7001_1	1911F7001_3	73	78
ID.00836	1911F7001_1	1911F7001_5	85	90
ID.00837	1911F7001_1	1911F7001_5	87	92
ID.00838	1911F7001_1	1911F7001_5	89	94
ID.00839	1911F7001_1	1911F7001_5	91	96
ID.00840	1911F7001_1	1911F7001_5	94	99
ID.00841	1911F7001_1	1911F7001_7	105	110
ID.00842	1911F7001_1	1911F7001_7	107	112
ID.00843	1911F7001_1	1911F7001_7	109	114
ID.00844	1911F7001_1	1911F7001_7	111	116
ID.00845	1911F7001_1	1911F7001_7	113	118
ID.00846	1911F7001_1	1911F7001_7	115	120
ID.00847	1911F7001_1	1911F7001_7	117	122
ID.00848	1911F7001_1	1911F7001_7	119	124
ID.00849	1911F7001_1	1911F7001_7	122	127
ID.00850	1911F7001_1	1911F7001_7	124	129
ID.00851	1911F7001_1	1911F7001_7	126	131
ID.00852	1911F7001_1	1911F7001_7	128	133
ID.00853	1911F7001_1	1911F7001_7	130	135
ID.00854	1911F7001_1	1911F7001_7	132	137
ID.00855	1911F7001_1	1911F7001_7	135	140
ID.00856	1911F7001_2	1911F7001_3	60	65
ID.00857	1911F7001_2	1911F7001_3	62	67
ID.00858	1911F7001_2	1911F7001_3	64	69
ID.00859	1911F7001_2	1911F7001_3	66	71
ID.00860	1911F7001_2	1911F7001_3	69	74
ID.00861	1911F7001_2	1911F7001_3	73	78
ID.00862	1911F7001_2	1911F7001_5	85	90
ID.00863	1911F7001_2	1911F7001_5	87	92
ID.00864	1911F7001_2	1911F7001_5	89	94
ID.00865	1911F7001_2	1911F7001_5	91	96
ID.00866	1911F7001_2	1911F7001_5	94	99
ID.00867	1911F7001_2	1911F7001_7	105	110
ID.00868	1911F7001_2	1911F7001_7	107	112
ID.00869	1911F7001_2	1911F7001_7	109	114
ID.00870	1911F7001_2	1911F7001_7	111	116
ID.00871	1911F7001_2	1911F7001_7	113	118
ID.00872	1911F7001_2	1911F7001_7	115	120
ID.00873	1911F7001_2	1911F7001_7	117	122
ID.00874	1911F7001_2	1911F7001_7	119	124
ID.00875	1911F7001_2	1911F7001_7	122	127
ID.00876	1911F7001_2	1911F7001_7	124	129
ID.00877	1911F7001_2	1911F7001_7	126	131
ID.00878	1911F7001_2	1911F7001_7	128	133
ID.00879	1911F7001_2	1911F7001_7	130	135
ID.00880	1911F7001_2	1911F7001_7	132	137
ID.00881	1911F7001_2	1911F7001_7	135	140
ID.00882	1911F7001_3	1911F7001_5	85	90
ID.00883	1911F7001_3	1911F7001_5	87	92
ID.00884	1911F7001_3	1911F7001_5	89	94
ID.00885	1911F7001_3	1911F7001_5	91	96
ID.00886	1911F7001_3	1911F7001_5	94	99
ID.00887	1911F7001_3	1911F7001_7	105	110
ID.00888	1911F7001_3	1911F7001_7	107	112
ID.00889	1911F7001_3	1911F7001_7	109	114
ID.00890	1911F7001_3	1911F7001_7	111	116
ID.00891	1911F7001_3	1911F7001_7	113	118
ID.00892	1911F7001_3	1911F7001_7	115	120
ID.00893	1911F7001_3	1911F7001_7	117	122
ID.00894	1911F7001_3	1911F7001_7	119	124
ID.00895	1911F7001_3	1911F7001_7	122	127
ID.00896	1911F7001_3	1911F7001_7	124	129
ID.00897	1911F7001_3	1911F7001_7	126	131
ID.00898	1911F7001_3	1911F7001_7	128	133
ID.00899	1911F7001_3	1911F7001_7	130	135
ID.00900	1911F7001_3	1911F7001_7	132	137
ID.00901	1911F7001_3	1911F7001_7	135	140
ID.00902	1911F7001_5	1911F7001_7	105	110
ID.00903	1911F7001_5	1911F7001_7	107	112
ID.00904	1911F7001_5	1911F7001_7	109	114
ID.00905	1911F7001_5	1911F7001_7	111	116
ID.00906	1911F7001_5	1911F7001_7	113	118
ID.00907	1911F7001_5	1911F7001_7	115	120
ID.00908	1911F7001_5	1911F7001_7	117	122
ID.00909	1911F7001_5	1911F7001_7	119	124
ID.00910	1911F7001_5	1911F7001_7	122	127
ID.00911	1911F7001_5	1911F7001_7	124	129
ID.00912	1911F7001_5	1911F7001_7	126	131
ID.00913	1911F7001_5	1911F7001_7	128	133
ID.00914	1911F7001_5	1911F7001_7	130	135
ID.00915	1911F7001_5	1911F7001_7	132	137
ID.00916	1911F7001_5	1911F7001_7	135	140
ID.00917	1911F6003_1	1911F6003_2	60	65
ID.00918	1911F6003_1	1911F6003_2	62	67
ID.00919	1911F6003_1	1911F6003_2	64	69
ID.00920	1911F6003_1	1911F6003_2	67	72
ID.00921	1911F6003_1	1911F6003_2	69	74
ID.00922	1911F6003_1	1911F6003_2	71	76
ID.00923	1911F6003_1	1911F6003_2	74	79
ID.00924	1911F6003_1	1911F6003_2	76	81
ID.00925	1911F6003_1	1911F6003_2	78	83
ID.00926	1911F6003_1	1911F6003_2	81	86
ID.00927	1911F6003_1	1911F6003_2	84	89
ID.00928	1911F6003_1	1911F6003_2	86	91
ID.00929	1911F6003_1	1911F6003_4	96	101
ID.00930	1911F6003_1	1911F6003_4	99	104
ID.00931	1911F6003_1	1911F6003_4	102	107
ID.00932	1911F6003_1	1911F6003_4	105	110
ID.00933	1911F6003_1	1911F6003_4	107	112
ID.00934	1911F6003_1	1911F6003_4	109	114
ID.00935	1911F6003_1	1911F6003_4	111	116
ID.00936	1911F6003_1	1911F6003_4	114	119
ID.00937	1911F6003_1	1911F6003_4	117	122
ID.00938	1911F6003_1	1911F6003_4	119	124
ID.00939	1911F6003_1	1911F6003_4	121	126
ID.00940	1911F6003_1	1911F6003_4	123	128
ID.00941	1911F6003_1	1911F6003_4	125	130
ID.00942	1911F6003_1	1911F6003_4	128	133
ID.00943	1911F6003_1	1911F6003_4	130	135
ID.00944	1911F6003_2	1911F6003_4	96	101
ID.00945	1911F6003_2	1911F6003_4	99	104
ID.00946	1911F6003_2	1911F6003_4	102	107
ID.00947	1911F6003_2	1911F6003_4	105	110
ID.00948	1911F6003_2	1911F6003_4	107	112
ID.00949	1911F6003_2	1911F6003_4	109	114
ID.00950	1911F6003_2	1911F6003_4	111	116
ID.00951	1911F6003_2	1911F6003_4	114	119
ID.00952	1911F6003_2	1911F6003_4	117	122
ID.00953	1911F6003_2	1911F6003_4	119	124
ID.00954	1911F6003_2	1911F6003_4	121	126
ID.00955	1911F6003_2	1911F6003_4	123	128
ID.00956	1911F6003_2	1911F6003_4	125	130
ID.00957	1911F6003_2	1911F6003_4	128	133
ID.00958	1911F6003_2	1911F6003_4	130	135
ID.00959	1911F3002_1	1911F3002_3	100	105
ID.00960	1911F3002_1	1911F3002_3	103	108
ID.00961	1911F3002_1	1911F3002_3	105	110
ID.00962	1911F3002_1	1911F3002_3	107	112
ID.00963	1911F3002_1	1911F3002_3	109	114
ID.00964	1911F3002_1	1911F3002_3	111	116
ID.00965	1911F3002_1	1911F3002_3	113	118
ID.00966	1911F3002_1	1911F3002_3	115	120
ID.00967	1911M6003_1	1911M6003_2	76	81
ID.00968	1911M6003_1	1911M6003_2	78	83
ID.00969	1911M6003_1	1911M6003_2	80	85
ID.00970	1911M6003_1	1911M6003_2	82	87
ID.00971	1911M6003_1	1911M6003_2	84	89
ID.00972	1911M6003_1	1911M6003_2	86	91
ID.00973	1911M6003_1	1911M6003_2	88	93
ID.00974	1911M6003_1	1911M6003_2	90	95
ID.00975	1911M6003_1	1911M6003_2	92	97
ID.00976	1911M6003_1	1911M6003_2	94	99
ID.00977	1911M6003_1	1911M6003_2	96	101
ID.00978	1911M6003_1	1911M6003_2	98	103
ID.00979	1911M6003_1	1911M6003_2	100	105
ID.00980	1911M6003_1	1911M6003_2	102	107
ID.00981	1911M6003_1	1911M6003_2	104	109
ID.00982	1911M6003_1	1911M6003_2	107	112
ID.00983	1911M6003_1	1911M6003_2	109	114
ID.00984	1911M6003_1	1911M6003_2	111	116
ID.00985	1911M6003_1	1911M6003_2	113	118
ID.00986	1911M6003_1	1911M6003_2	115	120
ID.00987	1911M6003_1	1911M6003_2	117	122
ID.00988	1911M6003_1	1911M6003_2	119	124
ID.00989	1911M6003_1	1911M6003_2	121	126
ID.00990	1911M6003_1	1911M6003_2	123	128
ID.00991	1911M6003_1	1911M6003_5	144	149
ID.00992	1911M6003_1	1911M6003_5	146	151
ID.00993	1911M6003_1	1911M6003_5	148	153
ID.00994	1911M6003_1	1911M6003_5	150	155
ID.00995	1911M6003_1	1911M6003_5	152	157
ID.00996	1911M6003_1	1911M6003_5	155	160
ID.00997	1911M6003_1	1911M6003_5	157	162
ID.00998	1911M6003_1	1911M6003_5	159	164
ID.00999	1911M6003_1	1911M6003_5	161	166
ID.01000	1911M6003_1	1911M6003_5	163	168
ID.01001	1911M6003_1	1911M6003_5	165	170
ID.01002	1911M6003_1	1911M6003_5	167	172
ID.01003	1911M6003_1	1911M6003_5	169	174
ID.01004	1911M6003_1	1911M6003_5	171	176
ID.01005	1911M6003_1	1911M6003_5	173	178
ID.01006	1911M6003_1	1911M6003_5	176	181
ID.01007	1911M6003_1	1911M6003_5	179	184
ID.01008	1911M6003_1	1911M6003_5	181	186
ID.01009	1911M6003_1	1911M6003_5	183	188
ID.01010	1911M6003_1	1911M6003_5	185	190
ID.01011	1911M6003_1	1911M6003_5	187	192
ID.01012	1911M6003_2	1911M6003_5	144	149
ID.01013	1911M6003_2	1911M6003_5	146	151
ID.01014	1911M6003_2	1911M6003_5	148	153
ID.01015	1911M6003_2	1911M6003_5	150	155
ID.01016	1911M6003_2	1911M6003_5	152	157
ID.01017	1911M6003_2	1911M6003_5	155	160
ID.01018	1911M6003_2	1911M6003_5	157	162
ID.01019	1911M6003_2	1911M6003_5	159	164
ID.01020	1911M6003_2	1911M6003_5	161	166
ID.01021	1911M6003_2	1911M6003_5	163	168
ID.01022	1911M6003_2	1911M6003_5	165	170
ID.01023	1911M6003_2	1911M6003_5	167	172
ID.01024	1911M6003_2	1911M6003_5	169	174
ID.01025	1911M6003_2	1911M6003_5	171	176
ID.01026	1911M6003_2	1911M6003_5	173	178
ID.01027	1911M6003_2	1911M6003_5	176	181
ID.01028	1911M6003_2	1911M6003_5	179	184
ID.01029	1911M6003_2	1911M6003_5	181	186
ID.01030	1911M6003_2	1911M6003_5	183	188
ID.01031	1911M6003_2	1911M6003_5	185	190
ID.01032	1911M6003_2	1911M6003_5	187	192
ID.01033	1911F4003_1	1911F4003_2	90	95
ID.01034	1911F4003_1	1911F4003_2	92	97
ID.01035	1911F4003_1	1911F4003_2	94	99
ID.01036	1911F4003_1	1911F4003_2	96	101
ID.01037	1911F4003_1	1911F4003_2	98	103
ID.01038	1911F4003_1	1911F4003_2	100	105
ID.01039	1911F4003_1	1911F4003_2	102	107
ID.01040	1911F4003_1	1911F4003_2	104	109
ID.01041	1911F4003_1	1911F4003_2	106	111
ID.01042	1911F4003_1	1911F4003_2	108	113
ID.01043	1911F4003_1	1911F4003_2	110	115
ID.01044	1911F4003_1	1911F4003_2	112	117
ID.01045	1911F4003_1	1911F4003_2	114	119
ID.01046	1911F4003_1	1911F4003_2	116	121
ID.01047	1911F4003_1	1911F4003_2	118	123
ID.01048	1911F4003_1	1911F4003_2	120	125
ID.01049	1911F4003_1	1911F4003_2	122	127
ID.01050	1911F4003_1	1911F4003_4	132	137
ID.01051	1911F4003_1	1911F4003_4	134	139
ID.01052	1911F4003_1	1911F4003_4	136	141
ID.01053	1911F4003_1	1911F4003_4	138	143
ID.01054	1911F4003_1	1911F4003_4	141	146
ID.01055	1911F4003_1	1911F4003_4	143	148
ID.01056	1911F4003_1	1911F4003_4	145	150
ID.01057	1911F4003_2	1911F4003_4	132	137
ID.01058	1911F4003_2	1911F4003_4	134	139
ID.01059	1911F4003_2	1911F4003_4	136	141
ID.01060	1911F4003_2	1911F4003_4	138	143
ID.01061	1911F4003_2	1911F4003_4	141	146
ID.01062	1911F4003_2	1911F4003_4	143	148
ID.01063	1911F4003_2	1911F4003_4	145	150
ID.01064	1911M4001_1	1911M4001_2	63	68
ID.01065	1911M4001_1	1911M4001_2	66	71
ID.01066	1911M4001_1	1911M4001_2	69	74
ID.01067	1911M4001_1	1911M4001_3	80	85
ID.01068	1911M4001_1	1911M4001_3	82	87
ID.01069	1911M4001_1	1911M4001_3	84	89
ID.01070	1911M4001_1	1911M4001_3	86	91
ID.01071	1911M4001_1	1911M4001_3	88	93
ID.01072	1911M4001_1	1911M4001_3	91	96
ID.01073	1911M4001_1	1911M4001_3	93	98
ID.01074	1911M4001_1	1911M4001_3	97	102
ID.01075	1911M4001_1	1911M4001_3	99	104
ID.01076	1911M4001_1	1911M4001_3	101	106
ID.01077	1911M4001_1	1911M4001_3	103	108
ID.01078	1911M4001_1	1911M4001_3	105	110
ID.01079	1911M4001_1	1911M4001_3	107	112
ID.01080	1911M4001_1	1911M4001_5	118	123
ID.01081	1911M4001_1	1911M4001_5	121	126
ID.01082	1911M4001_1	1911M4001_5	124	129
ID.01083	1911M4001_1	1911M4001_5	126	131
ID.01084	1911M4001_1	1911M4001_5	129	134
ID.01085	1911M4001_1	1911M4001_5	131	136
ID.01086	1911M4001_1	1911M4001_5	133	138
ID.01087	1911M4001_1	1911M4001_5	135	140
ID.01088	1911M4001_1	1911M4001_5	137	142
ID.01089	1911M4001_1	1911M4001_5	140	145
ID.01090	1911M4001_1	1911M4001_5	142	147
ID.01091	1911M4001_1	1911M4001_5	144	149
ID.01092	1911M4001_1	1911M4001_5	146	151
ID.01093	1911M4001_1	1911M4001_5	148	153
ID.01094	1911M4001_2	1911M4001_3	80	85
ID.01095	1911M4001_2	1911M4001_3	82	87
ID.01096	1911M4001_2	1911M4001_3	84	89
ID.01097	1911M4001_2	1911M4001_3	86	91
ID.01098	1911M4001_2	1911M4001_3	88	93
ID.01099	1911M4001_2	1911M4001_3	91	96
ID.01100	1911M4001_2	1911M4001_3	93	98
ID.01101	1911M4001_2	1911M4001_3	97	102
ID.01102	1911M4001_2	1911M4001_3	99	104
ID.01103	1911M4001_2	1911M4001_3	101	106
ID.01104	1911M4001_2	1911M4001_3	103	108
ID.01105	1911M4001_2	1911M4001_3	105	110
ID.01106	1911M4001_2	1911M4001_3	107	112
ID.01107	1911M4001_2	1911M4001_5	118	123
ID.01108	1911M4001_2	1911M4001_5	121	126
ID.01109	1911M4001_2	1911M4001_5	124	129
ID.01110	1911M4001_2	1911M4001_5	126	131
ID.01111	1911M4001_2	1911M4001_5	129	134
ID.01112	1911M4001_2	1911M4001_5	131	136
ID.01113	1911M4001_2	1911M4001_5	133	138
ID.01114	1911M4001_2	1911M4001_5	135	140
ID.01115	1911M4001_2	1911M4001_5	137	142
ID.01116	1911M4001_2	1911M4001_5	140	145
ID.01117	1911M4001_2	1911M4001_5	142	147
ID.01118	1911M4001_2	1911M4001_5	144	149
ID.01119	1911M4001_2	1911M4001_5	146	151
ID.01120	1911M4001_2	1911M4001_5	148	153
ID.01121	1911M4001_3	1911M4001_5	118	123
ID.01122	1911M4001_3	1911M4001_5	121	126
ID.01123	1911M4001_3	1911M4001_5	124	129
ID.01124	1911M4001_3	1911M4001_5	126	131
ID.01125	1911M4001_3	1911M4001_5	129	134
ID.01126	1911M4001_3	1911M4001_5	131	136
ID.01127	1911M4001_3	1911M4001_5	133	138
ID.01128	1911M4001_3	1911M4001_5	135	140
ID.01129	1911M4001_3	1911M4001_5	137	142
ID.01130	1911M4001_3	1911M4001_5	140	145
ID.01131	1911M4001_3	1911M4001_5	142	147
ID.01132	1911M4001_3	1911M4001_5	144	149
ID.01133	1911M4001_3	1911M4001_5	146	151
ID.01134	1911M4001_3	1911M4001_5	148	153
ID.01135	1911M2002_1	1911M2002_2	60	65
ID.01136	1911M2002_1	1911M2002_2	63	68
ID.01137	1911M2002_1	1911M2002_2	67	72
ID.01138	1911M2002_1	1911M2002_2	69	74
ID.01139	1911M2002_1	1911M2002_2	71	76
ID.01140	1911M2002_1	1911M2002_2	73	78
ID.01141	1911M2002_1	1911M2002_2	75	80
ID.01142	1911M2002_1	1911M2002_2	77	82
ID.01143	1911M2002_1	1911M2002_2	79	84
ID.01144	1911M2002_1	1911M2002_2	81	86
ID.01145	1911M2002_1	1911M2002_2	83	88
ID.01146	1911M2002_1	1911M2002_4	93	98
ID.01147	1911M2002_1	1911M2002_4	95	100
ID.01148	1911M2002_1	1911M2002_4	97	102
ID.01149	1911M2002_1	1911M2002_4	99	104
ID.01150	1911M2002_1	1911M2002_4	101	106
ID.01151	1911M2002_1	1911M2002_4	103	108
ID.01152	1911M2002_1	1911M2002_4	105	110
ID.01153	1911M2002_1	1911M2002_4	107	112
ID.01154	1911M2002_1	1911M2002_5	118	123
ID.01155	1911M2002_1	1911M2002_5	120	125
ID.01156	1911M2002_1	1911M2002_5	122	127
ID.01157	1911M2002_1	1911M2002_5	124	129
ID.01158	1911M2002_1	1911M2002_5	126	131
ID.01159	1911M2002_1	1911M2002_5	128	133
ID.01160	1911M2002_1	1911M2002_5	130	135
ID.01161	1911M2002_1	1911M2002_7	141	146
ID.01162	1911M2002_1	1911M2002_7	143	148
ID.01163	1911M2002_1	1911M2002_7	145	150
ID.01164	1911M2002_1	1911M2002_7	147	152
ID.01165	1911M2002_1	1911M2002_7	149	154
ID.01166	1911M2002_1	1911M2002_7	151	156
ID.01167	1911M2002_1	1911M2002_7	153	158
ID.01168	1911M2002_1	1911M2002_7	155	160
ID.01169	1911M2002_1	1911M2002_7	157	162
ID.01170	1911M2002_1	1911M2002_7	159	164
ID.01171	1911M2002_1	1911M2002_7	161	166
ID.01172	1911M2002_2	1911M2002_4	93	98
ID.01173	1911M2002_2	1911M2002_4	95	100
ID.01174	1911M2002_2	1911M2002_4	97	102
ID.01175	1911M2002_2	1911M2002_4	99	104
ID.01176	1911M2002_2	1911M2002_4	101	106
ID.01177	1911M2002_2	1911M2002_4	103	108
ID.01178	1911M2002_2	1911M2002_4	105	110
ID.01179	1911M2002_2	1911M2002_4	107	112
ID.01180	1911M2002_2	1911M2002_5	118	123
ID.01181	1911M2002_2	1911M2002_5	120	125
ID.01182	1911M2002_2	1911M2002_5	122	127
ID.01183	1911M2002_2	1911M2002_5	124	129
ID.01184	1911M2002_2	1911M2002_5	126	131
ID.01185	1911M2002_2	1911M2002_5	128	133
ID.01186	1911M2002_2	1911M2002_5	130	135
ID.01187	1911M2002_2	1911M2002_7	141	146
ID.01188	1911M2002_2	1911M2002_7	143	148
ID.01189	1911M2002_2	1911M2002_7	145	150
ID.01190	1911M2002_2	1911M2002_7	147	152
ID.01191	1911M2002_2	1911M2002_7	149	154
ID.01192	1911M2002_2	1911M2002_7	151	156
ID.01193	1911M2002_2	1911M2002_7	153	158
ID.01194	1911M2002_2	1911M2002_7	155	160
ID.01195	1911M2002_2	1911M2002_7	157	162
ID.01196	1911M2002_2	1911M2002_7	159	164
ID.01197	1911M2002_2	1911M2002_7	161	166
ID.01198	1911M2002_4	1911M2002_5	118	123
ID.01199	1911M2002_4	1911M2002_5	120	125
ID.01200	1911M2002_4	1911M2002_5	122	127
ID.01201	1911M2002_4	1911M2002_5	124	129
ID.01202	1911M2002_4	1911M2002_5	126	131
ID.01203	1911M2002_4	1911M2002_5	128	133
ID.01204	1911M2002_4	1911M2002_5	130	135
ID.01205	1911M2002_4	1911M2002_7	141	146
ID.01206	1911M2002_4	1911M2002_7	143	148
ID.01207	1911M2002_4	1911M2002_7	145	150
ID.01208	1911M2002_4	1911M2002_7	147	152
ID.01209	1911M2002_4	1911M2002_7	149	154
ID.01210	1911M2002_4	1911M2002_7	151	156
ID.01211	1911M2002_4	1911M2002_7	153	158
ID.01212	1911M2002_4	1911M2002_7	155	160
ID.01213	1911M2002_4	1911M2002_7	157	162
ID.01214	1911M2002_4	1911M2002_7	159	164
ID.01215	1911M2002_4	1911M2002_7	161	166
ID.01216	1911M2002_5	1911M2002_7	141	146
ID.01217	1911M2002_5	1911M2002_7	143	148
ID.01218	1911M2002_5	1911M2002_7	145	150
ID.01219	1911M2002_5	1911M2002_7	147	152
ID.01220	1911M2002_5	1911M2002_7	149	154
ID.01221	1911M2002_5	1911M2002_7	151	156
ID.01222	1911M2002_5	1911M2002_7	153	158
ID.01223	1911M2002_5	1911M2002_7	155	160
ID.01224	1911M2002_5	1911M2002_7	157	162
ID.01225	1911M2002_5	1911M2002_7	159	164
ID.01226	1911M2002_5	1911M2002_7	161	166
ID.01227	1911F3001_1	1911F3001_2	48	53
ID.01228	1911F3001_1	1911F3001_2	50	55
ID.01229	1911F3001_1	1911F3001_2	53	58
ID.01230	1911F3001_1	1911F3001_2	56	61
ID.01231	1911F3001_1	1911F3001_5	78	83
ID.01232	1911F3001_1	1911F3001_5	80	85
ID.01233	1911F3001_1	1911F3001_5	82	87
ID.01234	1911F3001_1	1911F3001_5	84	89
ID.01235	1911F3001_1	1911F3001_5	86	91
ID.01236	1911F3001_1	1911F3001_5	88	93
ID.01237	1911F3001_1	1911F3001_6	98	103
ID.01238	1911F3001_1	1911F3001_6	100	105
ID.01239	1911F3001_1	1911F3001_6	102	107
ID.01240	1911F3001_1	1911F3001_6	105	110
ID.01241	1911F3001_1	1911F3001_6	108	113
ID.01242	1911F3001_1	1911F3001_6	110	115
ID.01243	1911F3001_1	1911F3001_6	112	117
ID.01244	1911F3001_1	1911F3001_6	115	120
ID.01245	1911F3001_2	1911F3001_5	78	83
ID.01246	1911F3001_2	1911F3001_5	80	85
ID.01247	1911F3001_2	1911F3001_5	82	87
ID.01248	1911F3001_2	1911F3001_5	84	89
ID.01249	1911F3001_2	1911F3001_5	86	91
ID.01250	1911F3001_2	1911F3001_5	88	93
ID.01251	1911F3001_2	1911F3001_6	98	103
ID.01252	1911F3001_2	1911F3001_6	100	105
ID.01253	1911F3001_2	1911F3001_6	102	107
ID.01254	1911F3001_2	1911F3001_6	105	110
ID.01255	1911F3001_2	1911F3001_6	108	113
ID.01256	1911F3001_2	1911F3001_6	110	115
ID.01257	1911F3001_2	1911F3001_6	112	117
ID.01258	1911F3001_2	1911F3001_6	115	120
ID.01259	1911F3001_5	1911F3001_6	98	103
ID.01260	1911F3001_5	1911F3001_6	100	105
ID.01261	1911F3001_5	1911F3001_6	102	107
ID.01262	1911F3001_5	1911F3001_6	105	110
ID.01263	1911F3001_5	1911F3001_6	108	113
ID.01264	1911F3001_5	1911F3001_6	110	115
ID.01265	1911F3001_5	1911F3001_6	112	117
ID.01266	1911F3001_5	1911F3001_6	115	120
ID.01267	1911F7002_1	1911F7002_2	49	54
ID.01268	1911F7002_1	1911F7002_2	51	56
ID.01269	1911F7002_1	1911F7002_2	53	58
ID.01270	1911F7002_1	1911F7002_2	56	61
ID.01271	1911F7002_1	1911F7002_2	58	63
ID.01272	1911F7002_1	1911F7002_2	60	65
ID.01273	1911F7002_1	1911F7002_2	62	67
ID.01274	1911F7002_1	1911F7002_2	64	69
ID.01275	1911F7002_1	1911F7002_2	66	71
ID.01276	1911F7002_1	1911F7002_2	68	73
ID.01277	1911F7002_1	1911F7002_2	70	75
ID.01278	1911F7002_1	1911F7002_2	72	77
ID.01279	1911F7002_1	1911F7002_2	74	79
ID.01280	1911F7002_1	1911F7002_2	77	82
ID.01281	1911F7002_1	1911F7002_2	79	84
ID.01282	1911F7002_1	1911F7002_2	81	86
ID.01283	1911F7002_1	1911F7002_2	83	88
ID.01284	1911F7002_1	1911F7002_2	86	91
ID.01285	1911F7002_1	1911F7002_4	108	113
ID.01286	1911F7002_1	1911F7002_4	110	115
ID.01287	1911F7002_1	1911F7002_4	114	119
ID.01288	1911F7002_1	1911F7002_4	116	121
ID.01289	1911F7002_1	1911F7002_4	118	123
ID.01290	1911F7002_1	1911F7002_4	120	125
ID.01291	1911F7002_1	1911F7002_4	122	127
ID.01292	1911F7002_1	1911F7002_6	133	138
ID.01293	1911F7002_1	1911F7002_6	136	141
ID.01294	1911F7002_1	1911F7002_6	139	144
ID.01295	1911F7002_1	1911F7002_6	141	146
ID.01296	1911F7002_1	1911F7002_6	143	148
ID.01297	1911F7002_1	1911F7002_6	145	150
ID.01298	1911F7002_1	1911F7002_6	147	152
ID.01299	1911F7002_1	1911F7002_6	149	154
ID.01300	1911F7002_1	1911F7002_6	152	157
ID.01301	1911F7002_2	1911F7002_4	108	113
ID.01302	1911F7002_2	1911F7002_4	110	115
ID.01303	1911F7002_2	1911F7002_4	114	119
ID.01304	1911F7002_2	1911F7002_4	116	121
ID.01305	1911F7002_2	1911F7002_4	118	123
ID.01306	1911F7002_2	1911F7002_4	120	125
ID.01307	1911F7002_2	1911F7002_4	122	127
ID.01308	1911F7002_2	1911F7002_6	133	138
ID.01309	1911F7002_2	1911F7002_6	136	141
ID.01310	1911F7002_2	1911F7002_6	139	144
ID.01311	1911F7002_2	1911F7002_6	141	146
ID.01312	1911F7002_2	1911F7002_6	143	148
ID.01313	1911F7002_2	1911F7002_6	145	150
ID.01314	1911F7002_2	1911F7002_6	147	152
ID.01315	1911F7002_2	1911F7002_6	149	154
ID.01316	1911F7002_2	1911F7002_6	152	157
ID.01317	1911F7002_4	1911F7002_6	133	138
ID.01318	1911F7002_4	1911F7002_6	136	141
ID.01319	1911F7002_4	1911F7002_6	139	144
ID.01320	1911F7002_4	1911F7002_6	141	146
ID.01321	1911F7002_4	1911F7002_6	143	148
ID.01322	1911F7002_4	1911F7002_6	145	150
ID.01323	1911F7002_4	1911F7002_6	147	152
ID.01324	1911F7002_4	1911F7002_6	149	154
ID.01325	1911F7002_4	1911F7002_6	152	157
ID.01326	1911M7002_1	1911M7002_3	91	96
ID.01327	1911M7002_1	1911M7002_3	93	98
ID.01328	1911M7002_1	1911M7002_3	95	100
ID.01329	1911M7002_1	1911M7002_3	98	103
ID.01330	1911M7002_1	1911M7002_3	100	105
ID.01331	1911M7002_1	1911M7002_3	103	108
ID.01332	1911M7002_1	1911M7002_3	107	112
ID.01333	1911M7002_1	1911M7002_4	116	121
ID.01334	1911M7002_1	1911M7002_4	118	123
ID.01335	1911M7002_1	1911M7002_4	120	125
ID.01336	1911M7002_1	1911M7002_4	122	127
ID.01337	1911M7002_1	1911M7002_4	124	129
ID.01338	1911M7002_1	1911M7002_4	126	131
ID.01339	1911M7002_1	1911M7002_4	128	133
ID.01340	1911M7002_1	1911M7002_4	131	136
ID.01341	1911M7002_1	1911M7002_4	134	139
ID.01342	1911M7002_3	1911M7002_4	116	121
ID.01343	1911M7002_3	1911M7002_4	118	123
ID.01344	1911M7002_3	1911M7002_4	120	125
ID.01345	1911M7002_3	1911M7002_4	122	127
ID.01346	1911M7002_3	1911M7002_4	124	129
ID.01347	1911M7002_3	1911M7002_4	126	131
ID.01348	1911M7002_3	1911M7002_4	128	133
ID.01349	1911M7002_3	1911M7002_4	131	136
ID.01350	1911M7002_3	1911M7002_4	134	139
ID.01351	1911F4001_1	1911F4001_2	79	84
ID.01352	1911F4001_1	1911F4001_2	81	86
ID.01353	1911F4001_1	1911F4001_2	83	88
ID.01354	1911F4001_1	1911F4001_2	85	90
ID.01355	1911F4001_1	1911F4001_2	87	92
ID.01356	1911F4001_1	1911F4001_2	90	95
ID.01357	1911F4001_1	1911F4001_2	92	97
ID.01358	1911F4001_1	1911F4001_2	95	100
ID.01359	1911F4001_1	1911F4001_2	97	102
ID.01360	1911F4001_1	1911F4001_2	100	105
ID.01361	1911F4001_1	1911F4001_2	102	107
ID.01362	1911F4001_1	1911F4001_2	104	109
ID.01363	1911F4001_1	1911F4001_2	106	111
ID.01364	1911F4001_1	1911F4001_4	117	122
ID.01365	1911F4001_1	1911F4001_4	119	124
ID.01366	1911F4001_1	1911F4001_4	121	126
ID.01367	1911F4001_1	1911F4001_4	123	128
ID.01368	1911F4001_1	1911F4001_4	126	131
ID.01369	1911F4001_1	1911F4001_4	128	133
ID.01370	1911F4001_1	1911F4001_4	131	136
ID.01371	1911F4001_1	1911F4001_4	133	138
ID.01372	1911F4001_1	1911F4001_4	135	140
ID.01373	1911F4001_1	1911F4001_6	149	154
ID.01374	1911F4001_1	1911F4001_6	151	156
ID.01375	1911F4001_1	1911F4001_6	153	158
ID.01376	1911F4001_1	1911F4001_6	156	161
ID.01377	1911F4001_1	1911F4001_6	158	163
ID.01378	1911F4001_1	1911F4001_6	160	165
ID.01379	1911F4001_1	1911F4001_6	162	167
ID.01380	1911F4001_1	1911F4001_6	164	169
ID.01381	1911F4001_1	1911F4001_6	166	171
ID.01382	1911F4001_2	1911F4001_4	117	122
ID.01383	1911F4001_2	1911F4001_4	119	124
ID.01384	1911F4001_2	1911F4001_4	121	126
ID.01385	1911F4001_2	1911F4001_4	123	128
ID.01386	1911F4001_2	1911F4001_4	126	131
ID.01387	1911F4001_2	1911F4001_4	128	133
ID.01388	1911F4001_2	1911F4001_4	131	136
ID.01389	1911F4001_2	1911F4001_4	133	138
ID.01390	1911F4001_2	1911F4001_4	135	140
ID.01391	1911F4001_2	1911F4001_6	149	154
ID.01392	1911F4001_2	1911F4001_6	151	156
ID.01393	1911F4001_2	1911F4001_6	153	158
ID.01394	1911F4001_2	1911F4001_6	156	161
ID.01395	1911F4001_2	1911F4001_6	158	163
ID.01396	1911F4001_2	1911F4001_6	160	165
ID.01397	1911F4001_2	1911F4001_6	162	167
ID.01398	1911F4001_2	1911F4001_6	164	169
ID.01399	1911F4001_2	1911F4001_6	166	171
ID.01400	1911F4001_4	1911F4001_6	149	154
ID.01401	1911F4001_4	1911F4001_6	151	156
ID.01402	1911F4001_4	1911F4001_6	153	158
ID.01403	1911F4001_4	1911F4001_6	156	161
ID.01404	1911F4001_4	1911F4001_6	158	163
ID.01405	1911F4001_4	1911F4001_6	160	165
ID.01406	1911F4001_4	1911F4001_6	162	167
ID.01407	1911F4001_4	1911F4001_6	164	169
ID.01408	1911F4001_4	1911F4001_6	166	171
ID.01409	1911F6002_1	1911F6002_2	134	139
ID.01410	1911F6002_1	1911F6002_2	136	141
ID.01411	1911F6002_1	1911F6002_2	138	143
ID.01412	1911F6002_1	1911F6002_2	140	145
ID.01413	1911M2001_1	1911M2001_3	82	87
ID.01414	1911M2001_1	1911M2001_3	84	89
ID.01415	1911M2001_1	1911M2001_3	86	91
ID.01416	1911M2001_1	1911M2001_3	89	94
ID.01417	1911M2001_1	1911M2001_3	91	96
ID.01418	1911M2001_1	1911M2001_3	93	98
ID.01419	1911M2001_1	1911M2001_3	95	100
ID.01420	1911M2001_1	1911M2001_3	97	102
ID.01421	1911M2001_1	1911M2001_3	101	106
ID.01422	1911M2001_1	1911M2001_3	103	108
ID.01423	1911M2001_1	1911M2001_3	105	110
ID.01424	1911M2001_1	1911M2001_3	107	112
ID.01425	1911M2001_1	1911M2001_3	109	114
ID.01426	1911M2001_1	1911M2001_5	121	126
ID.01427	1911M2001_1	1911M2001_5	123	128
ID.01428	1911M2001_1	1911M2001_5	125	130
ID.01429	1911M2001_1	1911M2001_5	127	132
ID.01430	1911M2001_1	1911M2001_5	129	134
ID.01431	1911M2001_1	1911M2001_5	132	137
ID.01432	1911M2001_1	1911M2001_5	134	139
ID.01433	1911M2001_1	1911M2001_5	136	141
ID.01434	1911M2001_1	1911M2001_5	138	143
ID.01435	1911M2001_1	1911M2001_5	140	145
ID.01436	1911M2001_1	1911M2001_5	142	147
ID.01437	1911M2001_1	1911M2001_5	144	149
ID.01438	1911M2001_1	1911M2001_5	146	151
ID.01439	1911M2001_1	1911M2001_5	148	153
ID.01440	1911M2001_1	1911M2001_5	150	155
ID.01441	1911M2001_1	1911M2001_5	152	157
ID.01442	1911M2001_1	1911M2001_5	154	159
ID.01443	1911M2001_1	1911M2001_5	157	162
ID.01444	1911M2001_3	1911M2001_5	121	126
ID.01445	1911M2001_3	1911M2001_5	123	128
ID.01446	1911M2001_3	1911M2001_5	125	130
ID.01447	1911M2001_3	1911M2001_5	127	132
ID.01448	1911M2001_3	1911M2001_5	129	134
ID.01449	1911M2001_3	1911M2001_5	132	137
ID.01450	1911M2001_3	1911M2001_5	134	139
ID.01451	1911M2001_3	1911M2001_5	136	141
ID.01452	1911M2001_3	1911M2001_5	138	143
ID.01453	1911M2001_3	1911M2001_5	140	145
ID.01454	1911M2001_3	1911M2001_5	142	147
ID.01455	1911M2001_3	1911M2001_5	144	149
ID.01456	1911M2001_3	1911M2001_5	146	151
ID.01457	1911M2001_3	1911M2001_5	148	153
ID.01458	1911M2001_3	1911M2001_5	150	155
ID.01459	1911M2001_3	1911M2001_5	152	157
ID.01460	1911M2001_3	1911M2001_5	154	159
ID.01461	1911M2001_3	1911M2001_5	157	162
ID.01462	1911M2003_1	1911M2003_2	98	103
ID.01463	1911M2003_1	1911M2003_2	100	105
ID.01464	1911M2003_1	1911M2003_2	102	107
ID.01465	1911M2003_1	1911M2003_2	104	109
ID.01466	1911M2003_1	1911M2003_2	106	111
ID.01467	1911M2003_1	1911M2003_2	108	113
ID.01468	1911M2003_1	1911M2003_2	110	115
ID.01469	1911M2003_1	1911M2003_2	112	117
ID.01470	1911M2003_1	1911M2003_2	115	120
ID.01471	1911M2003_1	1911M2003_2	117	122
ID.01472	1911M2003_1	1911M2003_2	119	124
ID.01473	1911M2003_1	1911M2003_4	129	134
ID.01474	1911M2003_1	1911M2003_4	131	136
ID.01475	1911M2003_1	1911M2003_4	134	139
ID.01476	1911M2003_1	1911M2003_4	137	142
ID.01477	1911M2003_1	1911M2003_4	139	144
ID.01478	1911M2003_1	1911M2003_4	141	146
ID.01479	1911M2003_1	1911M2003_4	143	148
ID.01480	1911M2003_1	1911M2003_4	145	150
ID.01481	1911M2003_1	1911M2003_4	147	152
ID.01482	1911M2003_1	1911M2003_4	149	154
ID.01483	1911M2003_1	1911M2003_4	151	156
ID.01484	1911M2003_1	1911M2003_4	154	159
ID.01485	1911M2003_1	1911M2003_4	156	161
ID.01486	1911M2003_1	1911M2003_4	158	163
ID.01487	1911M2003_1	1911M2003_4	160	165
ID.01488	1911M2003_1	1911M2003_4	162	167
ID.01489	1911M2003_2	1911M2003_4	129	134
ID.01490	1911M2003_2	1911M2003_4	131	136
ID.01491	1911M2003_2	1911M2003_4	134	139
ID.01492	1911M2003_2	1911M2003_4	137	142
ID.01493	1911M2003_2	1911M2003_4	139	144
ID.01494	1911M2003_2	1911M2003_4	141	146
ID.01495	1911M2003_2	1911M2003_4	143	148
ID.01496	1911M2003_2	1911M2003_4	145	150
ID.01497	1911M2003_2	1911M2003_4	147	152
ID.01498	1911M2003_2	1911M2003_4	149	154
ID.01499	1911M2003_2	1911M2003_4	151	156
ID.01500	1911M2003_2	1911M2003_4	154	159
ID.01501	1911M2003_2	1911M2003_4	156	161
ID.01502	1911M2003_2	1911M2003_4	158	163
ID.01503	1911M2003_2	1911M2003_4	160	165
ID.01504	1911M2003_2	1911M2003_4	162	167
ID.01505	1911M3001_1	1911M3001_2	55	60
ID.01506	1911M3001_1	1911M3001_2	57	62
ID.01507	1911M3001_1	1911M3001_2	59	64
ID.01508	1911M3001_1	1911M3001_3	69	74
ID.01509	1911M3001_1	1911M3001_3	71	76
ID.01510	1911M3001_1	1911M3001_3	73	78
ID.01511	1911M3001_1	1911M3001_3	75	80
ID.01512	1911M3001_1	1911M3001_3	78	83
ID.01513	1911M3001_1	1911M3001_3	81	86
ID.01514	1911M3001_1	1911M3001_3	84	89
ID.01515	1911M3001_1	1911M3001_3	90	95
ID.01516	1911M3001_1	1911M3001_3	92	97
ID.01517	1911M3001_1	1911M3001_3	94	99
ID.01518	1911M3001_1	1911M3001_3	96	101
ID.01519	1911M3001_1	1911M3001_3	99	104
ID.01520	1911M3001_1	1911M3001_3	102	107
ID.01521	1911M3001_1	1911M3001_3	104	109
ID.01522	1911M3001_1	1911M3001_3	107	112
ID.01523	1911M3001_1	1911M3001_3	109	114
ID.01524	1911M3001_1	1911M3001_3	111	116
ID.01525	1911M3001_1	1911M3001_3	113	118
ID.01526	1911M3001_1	1911M3001_3	115	120
ID.01527	1911M3001_1	1911M3001_3	119	124
ID.01528	1911M3001_1	1911M3001_4	129	134
ID.01529	1911M3001_1	1911M3001_4	131	136
ID.01530	1911M3001_1	1911M3001_4	134	139
ID.01531	1911M3001_1	1911M3001_4	136	141
ID.01532	1911M3001_1	1911M3001_4	139	144
ID.01533	1911M3001_1	1911M3001_6	150	155
ID.01534	1911M3001_1	1911M3001_6	152	157
ID.01535	1911M3001_1	1911M3001_6	155	160
ID.01536	1911M3001_1	1911M3001_6	157	162
ID.01537	1911M3001_1	1911M3001_6	159	164
ID.01538	1911M3001_1	1911M3001_6	162	167
ID.01539	1911M3001_1	1911M3001_6	165	170
ID.01540	1911M3001_1	1911M3001_6	167	172
ID.01541	1911M3001_2	1911M3001_3	69	74
ID.01542	1911M3001_2	1911M3001_3	71	76
ID.01543	1911M3001_2	1911M3001_3	73	78
ID.01544	1911M3001_2	1911M3001_3	75	80
ID.01545	1911M3001_2	1911M3001_3	78	83
ID.01546	1911M3001_2	1911M3001_3	81	86
ID.01547	1911M3001_2	1911M3001_3	84	89
ID.01548	1911M3001_2	1911M3001_3	90	95
ID.01549	1911M3001_2	1911M3001_3	92	97
ID.01550	1911M3001_2	1911M3001_3	94	99
ID.01551	1911M3001_2	1911M3001_3	96	101
ID.01552	1911M3001_2	1911M3001_3	99	104
ID.01553	1911M3001_2	1911M3001_3	102	107
ID.01554	1911M3001_2	1911M3001_3	104	109
ID.01555	1911M3001_2	1911M3001_3	107	112
ID.01556	1911M3001_2	1911M3001_3	109	114
ID.01557	1911M3001_2	1911M3001_3	111	116
ID.01558	1911M3001_2	1911M3001_3	113	118
ID.01559	1911M3001_2	1911M3001_3	115	120
ID.01560	1911M3001_2	1911M3001_3	119	124
ID.01561	1911M3001_2	1911M3001_4	129	134
ID.01562	1911M3001_2	1911M3001_4	131	136
ID.01563	1911M3001_2	1911M3001_4	134	139
ID.01564	1911M3001_2	1911M3001_4	136	141
ID.01565	1911M3001_2	1911M3001_4	139	144
ID.01566	1911M3001_2	1911M3001_6	150	155
ID.01567	1911M3001_2	1911M3001_6	152	157
ID.01568	1911M3001_2	1911M3001_6	155	160
ID.01569	1911M3001_2	1911M3001_6	157	162
ID.01570	1911M3001_2	1911M3001_6	159	164
ID.01571	1911M3001_2	1911M3001_6	162	167
ID.01572	1911M3001_2	1911M3001_6	165	170
ID.01573	1911M3001_2	1911M3001_6	167	172
ID.01574	1911M3001_3	1911M3001_4	129	134
ID.01575	1911M3001_3	1911M3001_4	131	136
ID.01576	1911M3001_3	1911M3001_4	134	139
ID.01577	1911M3001_3	1911M3001_4	136	141
ID.01578	1911M3001_3	1911M3001_4	139	144
ID.01579	1911M3001_3	1911M3001_6	150	155
ID.01580	1911M3001_3	1911M3001_6	152	157
ID.01581	1911M3001_3	1911M3001_6	155	160
ID.01582	1911M3001_3	1911M3001_6	157	162
ID.01583	1911M3001_3	1911M3001_6	159	164
ID.01584	1911M3001_3	1911M3001_6	162	167
ID.01585	1911M3001_3	1911M3001_6	165	170
ID.01586	1911M3001_3	1911M3001_6	167	172
ID.01587	1911M3001_4	1911M3001_6	150	155
ID.01588	1911M3001_4	1911M3001_6	152	157
ID.01589	1911M3001_4	1911M3001_6	155	160
ID.01590	1911M3001_4	1911M3001_6	157	162
ID.01591	1911M3001_4	1911M3001_6	159	164
ID.01592	1911M3001_4	1911M3001_6	162	167
ID.01593	1911M3001_4	1911M3001_6	165	170
ID.01594	1911M3001_4	1911M3001_6	167	172
